Code,Quantity,Variant
?A?C?A?C?1?0?0?1?0?,23,
?A?P?8?8?5?3??,45,
?A?P?8?8?5?8?E?U?3?,22,
?A?R?8?1?6?2?A?B?L?K,45,
?A?R?8?1?6?3?A?B?L?K,55,
?A?R?8?1?6?4?A?B?L?K,12,
?A?R?8?1?6?5?A?B?L?K,33,
?A?R?8?1?7?2?B?L?K?,23,
?A?R?8?1?7?3?B?L?K?,45,
?A?R?8?1?8?4??,22,
?A?R?8?5?6?0??,45,
?A?R?8?5?6?1??,55,
?A?R?8?5?7?1??,12,
?A?R?8?5?8?0??,33,
?P?D?M?1?3?1?6?I?E?C,23,
?P?D?M?1?3?16IEC-3P,45,
?P?D?M?1?3?3?2?I?E?C,22,
?P?D?P?M?1?3?8?H?-?R,45,
?P?D?X?3?3?2?I?E?C?,55,
?P?D?X?332IEC-240,12,
?P?D?X332IEC-480,33,
1TWF0500H54B,23,
3827GY-10,45,
3827GY-100,22,
3827GY-15,45,
3827GY-20,55,
3827GY-25,12,
3827GY-30,33,
3827GY-35,23,
3827GY-40,45,
3827GY-5,22,
3827GY-50,45,
47136WH,55,
ACAC10010,12,
ACAC10017,33,
ACAC11008,23,
ACAC22000,45,
ACAC22001,22,
ACDC2000,45,
ACDC2001,55,
ACDC2003,12,
ACDC2018,33,
ACDC2019,23,
ACDC2101,45,
ACDC2201,22,
ACDC2301,45,
ACDC2400,55,
ACDC2401,12,
ACDC2404,33,
ACDC2408,23,
ACDC2410,45,
ACDC2550,22,
ACDC2551,45,
ACF002,55,
ACF301,12,
ACF502,33,
ACRC502,23,
ACRP502,45,
ACSC101,22,
AP420,45,
AR8127BLK,55,
AR8162ABLK,12,
AR8163ABLK,33,
AR8164ABLK,23,
AR8605,45,
BE550-RS,22,
BE700G-UK,45,
BE700-UK,55,
BIOPOD,12,
BIOPOD-EC,33,
BK500CI,23,
BK650AS,45,
BK650-AS,22,
BK650ASS,45,
BK650EI,55,
BK650MI,12,
BP800SI,33,
BR1000I,23,
BR1100CI,45,
BR1200LCDI,22,
BR1500GI,45,
BR1500I,55,
BR1500LCDI,12,
BR24BP,33,
PNOTEPROC8-EC,23,
PPM24,45,
SU1400RMXLIB3U,22,
SU2200INET,45,
SU24R2XLBP,55,
SU5000I,12,
SU700INET,33,
SUA039,23,
SUA1000I,45,
SUA1000RM12U,22,
SUA1000XLI,45,
SUA1500I,55,
SUA1500RM12U,12,
SUA1500RMI2U,33,
SUA200I,23,
SUA2200I,45,
SUA2200RMI2U,22,
SUA2200XLI,45,
SUA24XLBP,55,
SUA3000I,12,
SUA3000RMI2U,33,
SUA3000RMI2U(Stoped),23,
SUA3000RMXL13U,45,
SUA3000RMXLI3U,22,
SUA3000XLI,45,
SUA48RMXLBP3U,55,
SUA48XLBP,12,
SUA5000RM15U,33,
SUA5000RMI5U,23,
SUA750I,45,
SUA750RM12U,22,
SUA750RMI1U,45,
SUM3000RMXL12U,55,
SUM3000RMXLI2U,12,
SUM48RMXLBP2U,33,
SURT10000RMXLI,23,
SURT10000XLI,45,
SURT1000RMXLI,22,
SURT1000XLI,45,
SURT15KRMXLI,55,
SURT192RMXLBP,12,
SURT192RMXLBP2,33,
SURT192RMXLBP3U,23,
SURT192XLBP,45,
SURT2000RMXLI,22,
SURT2000XLI,45,
SURT20KRMXLI,55,
SURT3000XLI,12,
SURT48RMXLBP,33,
SURT48XLBP,23,
SURT5000RMXLI,45,
SURT5000XLI,22,
SURT6000RMXLI,45,
SURT6000RMXLT3U,55,
SURT6000XLI,12,
SURT6000XLT,33,
SURT8000RMXLT6U,23,
SURT8000XLI,45,
SURTA48RMXLBP,22,
SURTA48RMXLBP2U,45,
SURTA48XLBP,55,
SURTD3000RMXLI,12,
SURTD3000XLI,33,
SURTD5000RMXLI,23,
SURTD5000XLI,45,
SURTRK,22,
SURTRK2-1,45,
SUVT20KH2B2S,55,
SUVTBXR6B6S,12,
SUVTF10KB4H,33,
SUVTF20KB2H,23,
SUVTF20KB4H,45,
SUVTF40KB4H,22,
SUVTP20KHS,45,
SUVTR30KH3B5S,55,
SUVTXR6,12,
SUVTXR6B6S,33,
W920-0082,23,
WASSEM5X8-3R-PX-10,45,
WASSEM5X8-5R-PX-20,22,
WASSEM5X8-AX-20,45,
WASSEM5X8-AX-21,55,
WASSEM5X8-AX-22,12,
WASSEMNB-NB-10,33,
WASSEMPDU5X8-PD-20,23,
WASSEMPDU5X8-PD-30,45,
WASSEMUPS5X8-PX-21,22,
WBEXTWAR3YR-SP-04,45,
WCAM1YR10,55,
WCHM1YR10,12,
WCONFIG1NB-NB-10,33,
WCONFIG2NB-NB-10,23,
WDCHA1YR,45,
WEE1YR,22,
WEXTWAR1YR-SP-05,45,
WEXTWAR3YR-SP-01,55,
WITO1YR10,12,
WMS1YR100N,33,
WMS1YR25N,23,
WMS1YRENT,45,
WMS1YRHW-ENT,22,
WNBWN002,45,
WNSC01,55,
WNSC0101,12,
WNSC010101,33,
WNSC010102,23,
WNSC010103,45,
WNSC010104,22,
WNSC010105,45,
WNSC010106,55,
WNSC010107,12,
WNSC010108,33,
WNSC010110,23,
WNSC010111,45,
WNSC0102,22,
WNSC010201,45,
WNSC010202,55,
WNSC010203,12,
WNSC010204,33,
WNSC010205,23,
WNSC010206,45,
WNSC010207,22,
WNSC010208,45,
WNSC010212,55,
WNSC010213,12,
WNSC010214,33,
WNSC010215,23,
WNSC010216,45,
WNSC0103,22,
WNSC010301,45,
WNSC010302,55,
WNSC0104,12,
WNSC010401,33,
WNSC010402,23,
WNSC010403,45,
WNSC010404,22,
WNSC010405,45,
WNSC0105,55,
WNSC011,12,
WNSCENEFF,33,
WNSWADCE2V1Y,23,
WNSWADCO2V1Y,45,
WOE1YR-AX-22,22,
WOE1YR-G5-13,45,
WOE1YR-PD-20,55,
WOE1YR-PD-30,12,
WOPS1YR10,33,
WPMV5X8-PD-20,23,
WPMV5X8-PD-30,45,
WRMS1YR100N-01,22,
WRMS1YR1N-01,45,
WRMS1YR25N-01,55,
WSITECOORD,12,
WSTRTUP 5X8 -SB - 16,33,
WSTRTUP 7X24-SY-15,23,
WSTRTUP5X8-PD-20,45,
WSTRTUP5X8-PD-30,22,
WSTRTUP5X8-SB-16,45,
WSTRTUP5X8-SY-15,55,
WSTRTUP5X8-VT-10,12,
WSTRTUP7X24-AX-22,33,
WSTRTUP-PX-63,23,
WSTRTUP-PX-66,45,
WSTRTUP-SY-00,22,
WSTRUP7X24-VT-10,45,
WSTRUTUP7X24-AX-22,55,
WSUVTPM20KH-P,12,
WSY2CSPS,33,
WSYCBTMON,44,
WSYCSGMON,22,
WSYCXRCOM,33,
WUPGASSEM7-AX-00,54,
WUPGASSEM7-UG-01,44,
WUPGSTRTUP7-UG-01,56,
