Name,Code,Barcode Symbology,Brand,Category Code,Unit Code,Sale Unit Code, Purchase Unit Code,Cost,Price,Alert Quantity, Tax Rate Name,Tax Method,Image,Subcategory Code,Product Variants Separated by |,Custom Field 1,Custom Field 2,Custom Field 3,Custom Field 4,Custom Field 5,Custom Field 6
"InRow Bridge Partition, Data Cable 600 MM",?A?C?A?C?1?0?0?1?0?,code128,Item,APC,Nil,Nil,Nil,,,,,,,,,,,,,,
"Rack PDU 2G, Metered, ZeroU, 32A, 230V, (36) C13 & (6) C19",?A?P?8?8?5?3??,code128,Item,APC,Nil,Nil,Nil,,,,,,,,,,,,,,
"Rack PDU 2G, Metered, ZeroU, 16A, 230V, (18) C13 & (2) C19, IEC309 Cord",?A?P?8?8?5?8?E?U?3?,code128,Item,APC,Nil,Nil,Nil,,,,,,,,,,,,,,
"Data Cable Partition, NetShelter, 600mm Wide",?A?R?8?1?6?2?A?B?L?K,code128,Item,APC,Nil,Nil,Nil,,,,,,,,,,,,,,
"Data Cable Partition, NetShelter, 600mm Wide, pass-through",?A?R?8?1?6?3?A?B?L?K,code128,Item,APC,Nil,Nil,Nil,,,,,,,,,,,,,,
"Cable Ladder 6"" (15cm) Wide w/Ladder Attachment Kit (AR8166ABLK)",?A?R?8?1?6?4?A?B?L?K,code128,Item,APC,Nil,Nil,Nil,,,,,,,,,,,,,,
"Cable Ladder 12"" (30cm) Wide w/Ladder Attachment Kit (AR8166ABLK)",?A?R?8?1?6?5?A?B?L?K,code128,Item,APC,Nil,Nil,Nil,,,,,,,,,,,,,,
"Data Cable Partition, NetShelter, 750mm Wide",?A?R?8?1?7?2?B?L?K?,code128,Item,APC,Nil,Nil,Nil,,,,,,,,,,,,,,
"Data Cable Partition, NetShelter, 750mm Wide, pass-through",?A?R?8?1?7?3?B?L?K?,code128,Item,APC,Nil,Nil,Nil,,,,,,,,,,,,,,
"Cable Partition, 300mm",?A?R?8?1?8?4??,code128,Item,APC,Nil,Nil,Nil,,,,,,,,,,,,,,
"Cable Trough, Open Bottom, 600mm",?A?R?8?5?6?0??,code128,Item,APC,Nil,Nil,Nil,,,,,,,,,,,,,,
"Cable Trough, 600mm",?A?R?8?5?6?1??,code128,Item,APC,Nil,Nil,Nil,,,,,,,,,,,,,,
"Cable Trough, 750mm",?A?R?8?5?7?1??,code128,Item,APC,Nil,Nil,Nil,,,,,,,,,,,,,,
"Cable Trough, Open Bottom, 300mm",?A?R?8?5?8?0??,code128,Item,APC,Nil,Nil,Nil,,,,,,,,,,,,,,
"APC IT Power Distribution Module 3x1 Pole 3 Wire 16A 3xIEC309 300cm, 360cm, 420cm",?P?D?M?1?3?1?6?I?E?C,code128,Item,APC,Nil,Nil,Nil,,,,,,,,,,,,,,
"APC IT Power Distribution Module 3x1 Pole 3 Wire 16A 3xIEC309 300cm, 360cm, 420cm",?P?D?M?1?3?16IEC-3P,code128,Item,APC,Nil,Nil,Nil,,,,,,,,,,,,,,
"APC IT Power Distribution Module 3x1 Pole 3 Wire 32A 3xIEC309 300cm, 360cm, 420cm",?P?D?M?1?3?3?2?I?E?C,code128,Item,APC,Nil,Nil,Nil,,,,,,,,,,,,,,
"APC Modular Rack-mounted Distribution Panel, 138kVA, 200A, 400V, 18 Pole, 5U",?P?D?P?M?1?3?8?H?-?R,code128,Item,APC,Nil,Nil,Nil,,,,,,,,,,,,,,
APC Modular IT Power Distribution Cable Extender 3 Wire 32A IEC309 120cm,?P?D?X?3?3?2?I?E?C?,code128,Item,APC,Nil,Nil,Nil,,,,,,,,,,,,,,
APC Modular IT Power Distribution Cable Extender 3 Wire 32A IEC309 240cm,?P?D?X?332IEC-240,code128,Item,APC,Nil,Nil,Nil,,,,,,,,,,,,,,
APC Modular IT Power Distribution Cable Extender 3 Wire 32A IEC309 480cm,?P?D?X332IEC-480,code128,Item,APC,Nil,Nil,Nil,,,,,,,,,,,,,,
"APC DC Rectifier, 500 Watt, 54VDC, Wide Input, Full Signals, Black- Spare Part",1TWF0500H54B,code128,Item,APC,Nil,Nil,Nil,,,,,,,,,,,,,,
"APC CATEGORY 5 UTP 568B PATCH CABLE, GREY, RJ45M/RJ45M",3827GY-10,code128,Item,APC,Nil,Nil,Nil,,,,,,,,,,,,,,
"APC CATEGORY 5 UTP 568B PATCH CABLE, GREY, RJ45M/RJ45M",3827GY-100,code128,Item,APC,Nil,Nil,Nil,,,,,,,,,,,,,,
"APC CATEGORY 5 UTP 568B PATCH CABLE, GREY, RJ45M/RJ45M",3827GY-15,code128,Item,APC,Nil,Nil,Nil,,,,,,,,,,,,,,
"APC CATEGORY 5 UTP 568B PATCH CABLE, GREY, RJ45M/RJ45M",3827GY-20,code128,Item,APC,Nil,Nil,Nil,,,,,,,,,,,,,,
"APC CATEGORY 5 UTP 568B PATCH CABLE, GREY, RJ45M/RJ45M",3827GY-25,code128,Item,APC,Nil,Nil,Nil,,,,,,,,,,,,,,
"APC CATEGORY 5 UTP 568B PATCH CABLE, GREY, RJ45M/RJ45M",3827GY-30,code128,Item,APC,Nil,Nil,Nil,,,,,,,,,,,,,,
"APC CATEGORY 5 UTP 568B PATCH CABLE, GREY, RJ45M/RJ45M",3827GY-35,code128,Item,APC,Nil,Nil,Nil,,,,,,,,,,,,,,
"APC CATEGORY 5 UTP 568B PATCH CABLE, GREY, RJ45M/RJ45M",3827GY-40,code128,Item,APC,Nil,Nil,Nil,,,,,,,,,,,,,,
"APC CATEGORY 5 UTP 568B PATCH CABLE, GREY, RJ45M/RJ45M",3827GY-5,code128,Item,APC,Nil,Nil,Nil,,,,,,,,,,,,,,
"APC CATEGORY 5 UTP 568B PATCH CABLE, GREY, RJ45M/RJ45M",3827GY-50,code128,Item,APC,Nil,Nil,Nil,,,,,,,,,,,,,,
"APC RJ45F/RJ45F, WHITE, IN LINE COUPLER, CAT 5, RJ45F/RJ45F",47136WH,code128,Item,APC,Nil,Nil,Nil,,,,,,,,,,,,,,
"InRow Bridge Partition, Data Cable 600 MM",ACAC10010,code128,Item,APC,Nil,Nil,Nil,,,,,,,,,,,,,,
"6ft (1.828m) Stainless Flex Pipe Kit 1.25"" MPT to 1.5"" NPSM, OFS, Female",ACAC10017,code128,Item,APC,Nil,Nil,Nil,,,,,,,,,,,,,,
InRow OA End Aisle Containment Kit - 42U,ACAC11008,code128,Item,APC,Nil,Nil,Nil,,,,,,,,,,,,,,
Active Flow Controller,ACAC22000,code128,Item,APC,Nil,Nil,Nil,,,,,,,,,,,,,,
"Mounting Kit, 1U / Duct - Active Flow Controller",ACAC22001,code128,Item,APC,Nil,Nil,Nil,,,,,,,,,,,,,,
Ceiling Panel Mounting Rail - 1800mm (70.9in),ACDC2000,code128,Item,APC,Nil,Nil,Nil,,,,,,,,,,,,,,
Ceiling Panel Mounting Rail - 600mm (23.6in),ACDC2001,code128,Item,APC,Nil,Nil,Nil,,,,,,,,,,,,,,
Ceiling Panel Mounting Rail - 100mm (3.9in),ACDC2003,code128,Item,APC,Nil,Nil,Nil,,,,,,,,,,,,,,
Aisle Containment Lighting kit (w/ power supply),ACDC2018,code128,Item,APC,Nil,Nil,Nil,,,,,,,,,,,,,,
Aisle Containment Lighting kit (w/o power supply),ACDC2019,code128,Item,APC,Nil,Nil,Nil,,,,,,,,,,,,,,
Ceiling Panel - 900mm (36in) - V0,ACDC2101,code128,Item,APC,Nil,Nil,Nil,,,,,,,,,,,,,,
"Adjustable Mounting Support, 152 - 241mm (6 - 9.5in) - V0",ACDC2201,code128,Item,APC,Nil,Nil,Nil,,,,,,,,,,,,,,
Duct Mounting Rail - (Expansion),ACDC2301,code128,Item,APC,Nil,Nil,Nil,,,,,,,,,,,,,,
Aisle Containment Door - Sliding,ACDC2400,code128,Item,APC,Nil,Nil,Nil,,,,,,,,,,,,,,
Door Header - 42U SX,ACDC2401,code128,Item,APC,Nil,Nil,Nil,,,,,,,,,,,,,,
"Door Post, 900 - 1200mm (36 - 48in) Aisle Width",ACDC2404,code128,Item,APC,Nil,Nil,Nil,,,,,,,,,,,,,,
Door Lock,ACDC2408,code128,Item,APC,Nil,Nil,Nil,,,,,,,,,,,,,,
"Curtain Door Mounting Rail, 900 - 1200mm (36 - 48in) aisle width",ACDC2410,code128,Item,APC,Nil,Nil,Nil,,,,,,,,,,,,,,
"Depth Adapter, 1070 to 1200mm, SX42U, 300mm Width",ACDC2550,code128,Item,APC,Nil,Nil,Nil,,,,,,,,,,,,,,
"Depth Adapter, 1070 to 1200mm, SX42U to SX48U, 600-750mm Width",ACDC2551,code128,Item,APC,Nil,Nil,Nil,,,,,,,,,,,,,,
APC RACK AIR DISTRIBUTION UNIT 2U 8414 59 80 90,ACF002,code128,Item,APC,Nil,Nil,Nil,,,,,,,,,,,,,,
APC Wiring Closet Ventilation Unit 100-240V 50/60 HZ,ACF301,code128,Item,APC,Nil,Nil,Nil,,,,,,,,,,,,,,
Netshelter SX Roof Fan Tray 208-230 VAC,ACF502,code128,Item,APC,Nil,Nil,Nil,,,,,,,,,,,,,,
"InRow RC, 600mm, Chilled Water, 380-415V, 50Hz",ACRC502,code128,Item,APC,Nil,Nil,Nil,,,,,,,,,,,,,,
InRow RP Chilled Water 380-415V 50 Hz,ACRP502,code128,Item,APC,Nil,Nil,Nil,,,,,,,,,,,,,,
APC InRow SC 200-240V 50HZ,ACSC101,code128,Item,APC,Nil,Nil,Nil,,,,,,,,,,,,,,
APC FERRITE FOR 10BT CABLE QTY 10,AP420,code128,Item,APC,Nil,Nil,Nil,,,,,,,,,,,,,,
"APC 19"" Rotating Keyboard Drawer Black",AR8127BLK,code128,"APC 1U 19"" BLAC",APC ,Nil,Nil,Nil,,,,,,,,,,,,,,
"Data Cable Partition, NetShelter, 600mm Wide",AR8162ABLK,code128,Item,APC,Nil,Nil,Nil,,,,,,,,,,,,,,
"Data Cable Partition, NetShelter, 600mm Wide, pass-through",AR8163ABLK,code128,Item,APC,Nil,Nil,Nil,,,,,,,,,,,,,,
"APC DATA CABLE LADDER 6"" (15CM) WIDE",AR8164ABLK,code128,Item,APC ,Nil,Nil,Nil,,,,,,,,,,,,,,
"3U Horizontal Cable Manager, 6"" Finger top and Bottom",AR8605,code128,Item,APC,Nil,Nil,Nil,,,,,,,,,,,,,,
APC BACK UPS ES 550VA,BE550-RS,code128,Item,APC,Nil,Nil,Nil,,,,,,,,,,,,,,
APC Power-Saving Back-UPS ES 8 Outlet 700VA 230V BS 1363,BE700G-UK,code128,Item,APC,Nil,Nil,Nil,,,,,,,,,,,,,,
APC 700VA BACK UPS,BE700-UK,code128,Item,APC,Nil,Nil,Nil,,,,,,,,,,,,,,
APC PASSWORD MANAGER,BIOPOD,code128,Item,APC,Nil,Nil,Nil,,,,,,,,,,,,,,
APC PASSWORD MANAGER,BIOPOD-EC,code128,Item,APC,Nil,Nil,Nil,,,,,,,,,,,,,,
"APC Back-UPS 500, 230V, IEC320, without auto shutdown softw	APC Back-UPS 500, 2",BK500CI,code128,Product,Item,Nil,Nil,Nil,,,,,,,,,,,,,,
APC  BACK UPS 650VA,BK650AS,code128,Item,APC,Nil,Nil,Nil,,,,,,,,,,,,,,
APC BACKUP UPS 650VA,BK650-AS,code128,Item,APC,Nil,Nil,Nil,,,,,,,,,,,,,,
APC 650VA UPS,BK650ASS,code128,Item,APC,Nil,Nil,Nil,,,,,,,,,,,,,,
APC 650VA BACK UPS,BK650EI,code128,Item,APC,Nil,Nil,Nil,,,,,,,,,,,,,,
APC  650VA BACK-UP,BK650MI,code128,Item,APC,Nil,Nil,Nil,,,,,,,,,,,,,,
APC 800VA BR BACK UP PRO,BP800SI,code128,Item,APC,Nil,Nil,Nil,,,,,,,,,,,,,,
APC Back-UPS RS 1000VA,BR1000I,code128,Item,APC,Nil,Nil,Nil,,,,,,,,,,,,,,
"APC Back-UPS 1100, 230V",BR1100CI,code128,Item,APC,Nil,Nil,Nil,,,,,,,,,,,,,,
APC ESSENTIALS SURGE ARREST 5,BR1200LCDI,code128,Item,APC,Nil,Nil,Nil,,,,,,,,,,,,,,
POWER SAVING VACK-UP RS 1500 230V,BR1500GI,code128,Item,APC,Nil,Nil,Nil,,,,,,,,,,,,,,
APC  1.5VA BACK PRO,BR1500I,code128,Item,APC,Nil,Nil,Nil,,,,,,,,,,,,,,
APC Back-UPS RS 1500VA LCD 230V,BR1500LCDI,code128,Item,APC,Nil,Nil,Nil,,,,,,,,,,,,,,
APC BK R/SXS BP,BR24BP,code128,Item,APC,Nil,Nil,Nil,,,,,,,,,,,,,,
APC NOTEBOKE SURGE PROTECTOR,PNOTEPROC8-EC,code128,Item,APC,Nil,Nil,Nil,,,,,,,,,,,,,,
"APC 19' CHASIS, 1U, 24 CHANNELS FOR REPLACEABLE DATA LINE S	APC 19' CHASIS, 1U,",PPM24,code128,Product,Item,Nil,Nil,Nil,,,,,,,,,,,,,,
APC SMART UPS XL 1400VA RM 3U,SU1400RMXLIB3U,code128,Item,APC,Nil,Nil,Nil,,,,,,,,,,,,,,
APC 2.2KVA SMART UP,SU2200INET,code128,Item,APC,Nil,Nil,Nil,,,,,,,,,,,,,,
APC SMART UPS RM 2U XL24V,SU24R2XLBP,code128,Item,APC,Nil,Nil,Nil,,,,,,,,,,,,,,
APC Smart-UPS 5000VA 230V,SU5000I,code128,Item,APC,Nil,Nil,Nil,,,,,,,,,,,,,,
APC  700VA SMART UPS,SU700INET,code128,Item,APC,Nil,Nil,Nil,,,,,,,,,,,,,,
APC Smart-UPS XL 4ft Battery Pack Extension Cable for SUA48,SUA039,code128,Item,APC,Nil,Nil,Nil,,,,,,,,,,,,,,
APC 1KVA SMART UPS,SUA1000I,code128,Item,APC,Nil,Nil,Nil,,,,,,,,,,,,,,
APC SMART UPS 1KVA RACK MOUNT UPS,SUA1000RM12U,code128,Item,APC,Nil,Nil,Nil,,,,,,,,,,,,,,
APC Smart-UPS XL 1000VA USB & Serial 230V,SUA1000XLI,code128,Item,APC,Nil,Nil,Nil,,,,,,,,,,,,,,
APC Smart-UPS 1500VA USB,SUA1500I,code128,Item,APC,Nil,Nil,Nil,,,,,,,,,,,,,,
APC SMERT 1500VA UPS RM2U 230V,SUA1500RM12U,code128,Item,APC,Nil,Nil,Nil,,,,,,,,,,,,,,
APC SMART-UPS 1500VA USB & SERIAL RM 2U 230V,SUA1500RMI2U,code128,Item,APC,Nil,Nil,Nil,,,,,,,,,,,,,,
APC 2.2KVA SMART UPS,SUA200I,code128,Item,APC,Nil,Nil,Nil,,,,,,,,,,,,,,
APC Smart-UPS 2200VA USB & Serial 230V,SUA2200I,code128,Item,APC,Nil,Nil,Nil,,,,,,,,,,,,,,
APC Smart-UPS 2200VA USB & Serial RM 2U 230V,SUA2200RMI2U,code128,Item,APC,Nil,Nil,Nil,,,,,,,,,,,,,,
APC Smart-UPS XL 2200VA 230V Tower/Rack Convertible,SUA2200XLI,code128,Item,APC,Nil,Nil,Nil,,,,,,,,,,,,,,
APC Smart-UPS XL 24V Battery Pack,SUA24XLBP,code128,Item,APC,Nil,Nil,Nil,,,,,,,,,,,,,,
APC SMART 3000VA,SUA3000I,code128,Item,APC,Nil,Nil,Nil,,,,,,,,,,,,,,
APC Smart-UPS 3000VA USB & Serial RM 2U 230V,SUA3000RMI2U,code128,Item,APC,Nil,Nil,Nil,,,,,,,,,,,,,,
APC Smart-UPS RM 3000VA 230V,SUA3000RMI2U(Stoped),code128,Item,APC,Nil,Nil,Nil,,,,,,,,,,,,,,
APC SMART-UPS XL 3000VA RM 3U 230VA,SUA3000RMXL13U,code128,Item,APC,Nil,Nil,Nil,,,,,,,,,,,,,,
APC Smart-UPS XL 3000VA RM 3U 230V,SUA3000RMXLI3U,code128,Item,APC,Nil,Nil,Nil,,,,,,,,,,,,,,
APC Smart-UPS XL 3000VA 230V Tower/Rack Convertible,SUA3000XLI,code128,Item,APC,Nil,Nil,Nil,,,,,,,,,,,,,,
APC 48V XL RM 3U Battery Pack,SUA48RMXLBP3U,code128,Item,APC,Nil,Nil,Nil,,,,,,,,,,,,,,
APC Smart-UPS XL 48V Battery Pack Tower/Rack Convertible,SUA48XLBP,code128,Item,APC,Nil,Nil,Nil,,,,,,,,,,,,,,
APC SMART UPS 5000VA 2300 RM,SUA5000RM15U,code128,Item,APC,Nil,Nil,Nil,,,,,,,,,,,,,,
APC Smart-UPS 5000VA 230V Rackmount/Tower,SUA5000RMI5U,code128,Item,APC,Nil,Nil,Nil,,,,,,,,,,,,,,
APC 750VA SMART UPS,SUA750I,code128,Item,APC,Nil,Nil,Nil,,,,,,,,,,,,,,
APC 750VA SMART UPS RT,SUA750RM12U,code128,Item,APC,Nil,Nil,Nil,,,,,,,,,,,,,,
APC Smart-UPS 750VA USB & Serial 230V,SUA750RMI1U,code128,Item,APC,Nil,Nil,Nil,,,,,,,,,,,,,,
APC SMART UPS XL MODULAR,SUM3000RMXL12U,code128,Item,APC,Nil,Nil,Nil,,,,,,,,,,,,,,
APC SMART UPS XL MODULAR 3000VA,SUM3000RMXLI2U,code128,Item,APC,Nil,Nil,Nil,,,,,,,,,,,,,,
APC Smart-UPS XL Modular 48V Extended Run Battery Pack,SUM48RMXLBP2U,code128,Item,APC,Nil,Nil,Nil,,,,,,,,,,,,,,
"APC SMART-UPS RT 10,000VA RM 230V",SURT10000RMXLI,code128,Item,APC,Nil,Nil,Nil,,,,,,,,,,,,,,
APC 10000VA SMART UPS RT,SURT10000XLI,code128,Item,APC,Nil,Nil,Nil,,,,,,,,,,,,,,
APC Smart-UPS RT 1000VA RM 230V,SURT1000RMXLI,code128,Item,APC,Nil,Nil,Nil,,,,,,,,,,,,,,
APC Smart-UPS RT 1000VA 230V,SURT1000XLI,code128,Item,APC,Nil,Nil,Nil,,,,,,,,,,,,,,
APC Smart-UPS RT 15kVA RM 230V,SURT15KRMXLI,code128,Item,APC,Nil,Nil,Nil,,,,,,,,,,,,,,
APC SMART - UPS RT 192V RM BATTERY PACK,SURT192RMXLBP,code128,Item,APC,Nil,Nil,Nil,,,,,,,,,,,,,,
APC Smart-UPS RT192V RM Battery Pack 2 Rows,SURT192RMXLBP2,code128,Item,APC,Nil,Nil,Nil,,,,,,,,,,,,,,
APC Smart-UPS RT 192V RM Battery Pack,SURT192RMXLBP3U,code128,Item,APC,Nil,Nil,Nil,,,,,,,,,,,,,,
APC SMART - UPS RT 192V RM BATTERY RACK,SURT192XLBP,code128,Item,APC,Nil,Nil,Nil,,,,,,,,,,,,,,
APC SMART-UPS RT 2000VA RM 230V,SURT2000RMXLI,code128,Item,APC,Nil,Nil,Nil,,,,,,,,,,,,,,
APC Smart-UPS RT 2000VA RM 230V,SURT2000XLI,code128,Item,APC,Nil,Nil,Nil,,,,,,,,,,,,,,
APC APC SMART-UPS RT 5000VA RM 230V,SURT20KRMXLI,code128,Item,APC,Nil,Nil,Nil,,,,,,,,,,,,,,
APC Smart-UPS RT 3000VA,SURT3000XLI,code128,Item,APC,Nil,Nil,Nil,,,,,,,,,,,,,,
APC Smart-UPS RT 48V RM Battery Pack,SURT48RMXLBP,code128,Item,APC,Nil,Nil,Nil,,,,,,,,,,,,,,
APC 48V BATTERY PACK,SURT48XLBP,code128,Item,APC,Nil,Nil,Nil,,,,,,,,,,,,,,
APC SMART 5KVA RM UPS,SURT5000RMXLI,code128,Item,APC,Nil,Nil,Nil,,,,,,,,,,,,,,
APC Smart-UPS RT 5000VA,SURT5000XLI,code128,Item,APC,Nil,Nil,Nil,,,,,,,,,,,,,,
APC Smart-UPS RT 6000VA RM 230V,SURT6000RMXLI,code128,Item,APC,Nil,Nil,Nil,,,,,,,,,,,,,,
APC/ SMART-UPS RT 6000VA 208V,SURT6000RMXLT3U,code128,Item,APC,Nil,Nil,Nil,,,,,,,,,,,,,,
APC Smart-UPS RT 6000VA 230V,SURT6000XLI,code128,Item,APC,Nil,Nil,Nil,,,,,,,,,,,,,,
APC SMART UPS RT 6000VA,SURT6000XLT,code128,Item,APC,Nil,Nil,Nil,,,,,,,,,,,,,,
8000 VA 6400 Watts 5 Outlets Smart,SURT8000RMXLT6U,code128,Item,APC,Nil,Nil,Nil,,,,,,,,,,,,,,
APC Smart-UPS RT 8000VA 230V,SURT8000XLI,code128,Item,APC,Nil,Nil,Nil,,,,,,,,,,,,,,
APC Smart-UPS RT 48V RM Battery Pack,SURTA48RMXLBP,code128,Item,APC,Nil,Nil,Nil,,,,,,,,,,,,,,
APC Smart-UPS RT 48V RM Battery Pack,SURTA48RMXLBP2U,code128,Item,APC,Nil,Nil,Nil,,,,,,,,,,,,,,
APC Smart-UPS RT 48V Battery Pack,SURTA48XLBP,code128,Item,APC,Nil,Nil,Nil,,,,,,,,,,,,,,
APC Smart-UPS RT 3000VA,SURTD3000RMXLI,code128,Item,APC,Nil,Nil,Nil,,,,,,,,,,,,,,
APC Smart-UPS RT 3000VA 230V,SURTD3000XLI,code128,Item,APC,Nil,Nil,Nil,,,,,,,,,,,,,,
APC Smart-UPS RT 5000VA RM 230V,SURTD5000RMXLI,code128,Item,APC,Nil,Nil,Nil,,,,,,,,,,,,,,
APC Smart-UPS RT 5000VA 230V,SURTD5000XLI,code128,Item,APC,Nil,Nil,Nil,,,,,,,,,,,,,,
"APC  smart-UPS RT 19"" Rail kit",SURTRK,code128,APC,APC RAIL KIT,Nil,Nil,Nil,,,,,,,,,,,,,,
APC SMART UPS RT,SURTRK2-1,code128,Item,APC,Nil,Nil,Nil,,,,,,,,,,,,,,
APC Smart-UPS VT 20KVA,SUVT20KH2B2S,code128,Item,APC,Nil,Nil,Nil,,,,,,,,,,,,,,
"APC Smart-UPS VT Extended Run Enclosure, w/Breaker, 6 Batte	APC Smart-UPS VT Ex",SUVTBXR6B6S,code128,Product,Item,Nil,Nil,Nil,,,,,,,,,,,,,,
APC SMART UPS VT 10KVA 400V W/4 BATT MOD,SUVTF10KB4H,code128,Item,APC,Nil,Nil,Nil,,,,,,,,,,,,,,
APC FRM 20KVA 400V 2BATT,SUVTF20KB2H,code128,Item,APC,Nil,Nil,Nil,,,,,,,,,,,,,,
APC SMART UPS VT 20KVA 400V W/4 BATT MOD,SUVTF20KB4H,code128,Item,APC,Nil,Nil,Nil,,,,,,,,,,,,,,
APC SMART UPS VT 40KVA 400V W/4 BATT MOD,SUVTF40KB4H,code128,Item,APC,Nil,Nil,Nil,,,,,,,,,,,,,,
"APC Smart-UPS VT 20kVA 400V, w/Start-Up 5X8, Internal Maint	APC Smart-UPS VT 20",SUVTP20KHS,code128,Product,Item,Nil,Nil,Nil,,,,,,,,,,,,,,
APC Smart-UPS VT rack mounted 30kVA 400V w/3 batt mod.exp.to,SUVTR30KH3B5S,code128,Item,APC,Nil,Nil,Nil,,,,,,,,,,,,,,
APC SMART UPS VT EXTENDED RUN FRAME,SUVTXR6,code128,Item,APC,Nil,Nil,Nil,,,,,,,,,,,,,,
APC Smart-UPS VT Extended Run Frame w/6 Batt,SUVTXR6B6S,code128,Item,APC,Nil,Nil,Nil,,,,,,,,,,,,,,
DC Rectifier 500W for ACRD 100-201,W920-0082,code128,Item,APC,Nil,Nil,Nil,,,,,,,,,,,,,,
5X8 Scheduled Assembly of 1-3 Additional Racks,WASSEM5X8-3R-PX-10,code128,Item,APC,Nil,Nil,Nil,,,,,,,,,,,,,,
5X8 Scheduled Assembly Service for 1-5 Racks,WASSEM5X8-5R-PX-20,code128,Item,APC,Nil,Nil,Nil,,,,,,,,,,,,,,
Scheduled Assembly of the Hot Aisle Enclosure Kit specific components 10-14 Frames,WASSEM5X8-AX-20,code128,Item,APC,Nil,Nil,Nil,,,,,,,,,,,,,,
(1) Assembly Service per Rack or InRow Air Containment component position front or back,WASSEM5X8-AX-21,code128,Item,APC,Nil,Nil,Nil,,,,,,,,,,,,,,
Scheduled Air Assembly Service 5X8 for InRow RP Chilled Water units,WASSEM5X8-AX-22,code128,Item,APC,Nil,Nil,Nil,,,,,,,,,,,,,,
NetBotz Assembly Services,WASSEMNB-NB-10,code128,Item,APC,Nil,Nil,Nil,,,,,,,,,,,,,,
Scheduled Assembly Service 5X8 for (1) 5U Rack Distribution Panel,WASSEMPDU5X8-PD-20,code128,Item,APC,Nil,Nil,Nil,,,,,,,,,,,,,,
Scheduled Assembly Service 5X8 for (1) 1/2 Rack Remote or (1) Modular Power Panel,WASSEMPDU5X8-PD-30,code128,Item,APC,Nil,Nil,Nil,,,,,,,,,,,,,,
APC 20KVA SYMMETRA START UP SERVICE,WASSEMUPS5X8-PX-21,code128,Item,APC,Nil,Nil,Nil,,,,,,,,,,,,,,
Service Pack 3 Year Warranty Extension (for new product purchases),WBEXTWAR3YR-SP-04,code128,Item,APC,Nil,Nil,Nil,,,,,,,,,,,,,,
"Data Center Operation: Capacity, 1 Year Software Support Contract, 10 Racks",WCAM1YR10,code128,Item,APC,Nil,Nil,Nil,,,,,,,,,,,,,,
"Data Center Operation: Change, 1 Year Software Support Contract, 10 Racks",WCHM1YR10,code128,Item,APC,Nil,Nil,Nil,,,,,,,,,,,,,,
Netbotz Configuration Service in ISX Designer 1,WCONFIG1NB-NB-10,code128,Item,APC,Nil,Nil,Nil,,,,,,,,,,,,,,
Netbotz Configuration Service in ISX Designer 2,WCONFIG2NB-NB-10,code128,Item,APC,Nil,Nil,Nil,,,,,,,,,,,,,,
StruxureWare Data Center Operation: Cluster Node; 1 Year Software Support Contract; 1 Server,WDCHA1YR,code128,Item,APC,Nil,Nil,Nil,,,,,,,,,,,,,,
"Data Center Operation: Energy Efficiency, 1 Year Software Support Contract",WEE1YR,code128,Item,APC,Nil,Nil,Nil,,,,,,,,,,,,,,
1 Year Extended Warranty (Renewal or High Volume),WEXTWAR1YR-SP-05,code128,Item,APC,Nil,Nil,Nil,,,,,,,,,,,,,,
3 Year Extended Warranty (Renewal or High Volume),WEXTWAR3YR-SP-01,code128,Item,APC,Nil,Nil,Nil,,,,,,,,,,,,,,
"Data Center Operation: IT Optimize, 1 Year Software Support Contract, 10 Racks",WITO1YR10,code128,Item,APC,Nil,Nil,Nil,,,,,,,,,,,,,,
1 Year 100 Node StruxureWare Data Center Expert Software Support Contract,WMS1YR100N,code128,Item,APC,Nil,Nil,Nil,,,,,,,,,,,,,,
1 Year 25 Node StruxureWare Data Center Expert Software Support Contract,WMS1YR25N,code128,Item,APC,Nil,Nil,Nil,,,,,,,,,,,,,,
1 Year StruxureWare Data Center Expert Enterprise Software Support Contract,WMS1YRENT,code128,Item,APC,Nil,Nil,Nil,,,,,,,,,,,,,,
1 Year Extended Hardware Warranty for StruxureWare Data Center Expert Enterprise,WMS1YRHW-ENT,code128,Item,APC,Nil,Nil,Nil,,,,,,,,,,,,,,
Base - 2 Year Software Support Contract (NBRK0450/NBRK0550),WNBWN002,code128,Item,APC,Nil,Nil,Nil,,,,,,,,,,,,,,
Data Center Management Software Configuration Suite,WNSC01,code128,Item,APC,Nil,Nil,Nil,,,,,,,,,,,,,,
Data Center Expert Software Configuration,WNSC0101,code128,Item,APC,Nil,Nil,Nil,,,,,,,,,,,,,,
Data Center Management Software Configuration Base Service,WNSC010101,code128,Item,APC,Nil,Nil,Nil,,,,,,,,,,,,,,
Data Center Expert Basic Administration,WNSC010102,code128,Item,APC,Nil,Nil,Nil,,,,,,,,,,,,,,
Data Center Expert Advanced Administration,WNSC010103,code128,Item,APC,Nil,Nil,Nil,,,,,,,,,,,,,,
Data Center Expert Alarm Threshold Configuration,WNSC010104,code128,Item,APC,Nil,Nil,Nil,,,,,,,,,,,,,,
Data Center Expert Alarm Action Configuration,WNSC010105,code128,Item,APC,Nil,Nil,Nil,,,,,,,,,,,,,,
Data Center Expert Alarm Profile Configuration,WNSC010106,code128,Item,APC,Nil,Nil,Nil,,,,,,,,,,,,,,
Data Center Expert Remote Management Configuration,WNSC010107,code128,Item,APC,Nil,Nil,Nil,,,,,,,,,,,,,,
Data Center Expert Network Management Configuration,WNSC010108,code128,Item,APC,Nil,Nil,Nil,,,,,,,,,,,,,,
Data Center Expert Surveillance Configuration,WNSC010110,code128,Item,APC,Nil,Nil,Nil,,,,,,,,,,,,,,
Data Center Device Identification,WNSC010111,code128,Item,APC,Nil,Nil,Nil,,,,,,,,,,,,,,
Data Center Operation Software Configuration,WNSC0102,code128,Item,APC,Nil,Nil,Nil,,,,,,,,,,,,,,
Data Center Operation Floor Catalog Creation,WNSC010201,code128,Item,APC,Nil,Nil,Nil,,,,,,,,,,,,,,
Data Center Operation RackMount Catalog Creation,WNSC010202,code128,Item,APC,Nil,Nil,Nil,,,,,,,,,,,,,,
Data Center Operation Floor Layout Creation,WNSC010203,code128,Item,APC,Nil,Nil,Nil,,,,,,,,,,,,,,
Data Center Operation Floor Equipment Identification,WNSC010204,code128,Item,APC,Nil,Nil,Nil,,,,,,,,,,,,,,
Data Center Operation Rack PDU Assessment,WNSC010205,code128,Item,APC,Nil,Nil,Nil,,,,,,,,,,,,,,
Data Center Operation Power Dependency Configuration,WNSC010206,code128,Item,APC,Nil,Nil,Nil,,,,,,,,,,,,,,
Data Center Operation IT Device Assessment,WNSC010207,code128,Item,APC,Nil,Nil,Nil,,,,,,,,,,,,,,
Data Center Operation Device Assignment,WNSC010208,code128,Item,APC,Nil,Nil,Nil,,,,,,,,,,,,,,
Data Center Operation Installation,WNSC010212,code128,Item,APC,Nil,Nil,Nil,,,,,,,,,,,,,,
Data Center Operation Additional Module Installation,WNSC010213,code128,Item,APC,Nil,Nil,Nil,,,,,,,,,,,,,,
Data Center Operation IT Optimize or Power Control Configuration,WNSC010214,code128,Item,APC,Nil,Nil,Nil,,,,,,,,,,,,,,
Data Center Operation PUE DCIE Configuration,WNSC010215,code128,Item,APC,Nil,Nil,Nil,,,,,,,,,,,,,,
StruxureWare Portal Configuration,WNSC010216,code128,Item,APC,Nil,Nil,Nil,,,,,,,,,,,,,,
Data Center Capacity Software Configuration,WNSC0103,code128,Item,APC,Nil,Nil,Nil,,,,,,,,,,,,,,
Data Center Capacity Policy Configuration,WNSC010301,code128,Item,APC,Nil,Nil,Nil,,,,,,,,,,,,,,
Data Center Capacity Advanced Power Configuration,WNSC010302,code128,Item,APC,Nil,Nil,Nil,,,,,,,,,,,,,,
Data Center Post Configuration Review,WNSC0104,code128,Item,APC,Nil,Nil,Nil,,,,,,,,,,,,,,
Data Center Expert Post Configuration Review,WNSC010401,code128,Item,APC,Nil,Nil,Nil,,,,,,,,,,,,,,
Data Center Capacity Post Configuration Review,WNSC010402,code128,Item,APC,Nil,Nil,Nil,,,,,,,,,,,,,,
Data Center Operation Post Configuration Review,WNSC010403,code128,Item,APC,Nil,Nil,Nil,,,,,,,,,,,,,,
Data Center Change Post Configuration Review,WNSC010404,code128,Item,APC,Nil,Nil,Nil,,,,,,,,,,,,,,
Netbotz Post Configuration Review,WNSC010405,code128,Item,APC,Nil,Nil,Nil,,,,,,,,,,,,,,
Data Center Follow On Preparation Service,WNSC0105,code128,Item,APC,Nil,Nil,Nil,,,,,,,,,,,,,,
Data Center Management Software Configuration Option,WNSC011,code128,Item,APC,Nil,Nil,Nil,,,,,,,,,,,,,,
Data Center Energy Efficiency Configuration,WNSCENEFF,code128,Item,APC,Nil,Nil,Nil,,,,,,,,,,,,,,
"StruxureWare Data Center Expert Periodic Maintenance Contract, 2 visits/year",WNSWADCE2V1Y,code128,Item,APC,Nil,Nil,Nil,,,,,,,,,,,,,,
"StruxureWare Data Center Operation Periodic Maintenance Contract, 2 visits/year",WNSWADCO2V1Y,code128,Item,APC,Nil,Nil,Nil,,,,,,,,,,,,,,
1 Year On-Site Warranty Extension for (1) InfraStruXure InRow RP Chilled Water,WOE1YR-AX-22,code128,Item,APC,Nil,Nil,Nil,,,,,,,,,,,,,,
(1) Year On-Site Warranty Extension for Galaxy 5000/5500 100,WOE1YR-G5-13,code128,Item,APC,Nil,Nil,Nil,,,,,,,,,,,,,,
1 Year Onsite Warranty Extension for (1) 5U Rack Distribution Panel,WOE1YR-PD-20,code128,Item,APC,Nil,Nil,Nil,,,,,,,,,,,,,,
1 Year Onsite Warranty Extension for (1) 1/2 Rack Remote Power Panel,WOE1YR-PD-30,code128,Item,APC,Nil,Nil,Nil,,,,,,,,,,,,,,
"StruxureWare Data Center Operation, 1 Year Software Support Contract, 10 Racks",WOPS1YR10,code128,Item,APC,Nil,Nil,Nil,,,,,,,,,,,,,,
(1) Additional Contract Preventive Maintenance Visit 5X8 for (1) 5U Rack Distribution Panel,WPMV5X8-PD-20,code128,Item,APC,Nil,Nil,Nil,,,,,,,,,,,,,,
(1) Addn'l Contract PM Visit for (1) 1/2 Rack Remote or (1) Modular Power Panel,WPMV5X8-PD-30,code128,Item,APC,Nil,Nil,Nil,,,,,,,,,,,,,,
1 Year of Remote Monitoring Service for (100) Nodes,WRMS1YR100N-01,code128,Item,APC,Nil,Nil,Nil,,,,,,,,,,,,,,
1 Year of Remote Monitoring Service for (1) Node,WRMS1YR1N-01,code128,Item,APC,Nil,Nil,Nil,,,,,,,,,,,,,,
1 Year of Remote Monitoring Service for (25) Nodes,WRMS1YR25N-01,code128,Item,APC,Nil,Nil,Nil,,,,,,,,,,,,,,
Site Coordination Service,WSITECOORD,code128,Item,APC,Nil,Nil,Nil,,,,,,,,,,,,,,
APC Start-Up Service 5X8 for Smart-UPS RT 15/20kVA,WSTRTUP 5X8 -SB - 16,code128,Item,APC,Nil,Nil,Nil,,,,,,,,,,,,,,
APC START UP,WSTRTUP 7X24-SY-15,code128,Item,APC,Nil,Nil,Nil,,,,,,,,,,,,,,
Start-Up Service 5X8 for 5U Rack Distribution Panel,WSTRTUP5X8-PD-20,code128,Item,APC,Nil,Nil,Nil,,,,,,,,,,,,,,
Start-Up Service for (1) 1/2 Rack Remote or (1) Modular Power Panel,WSTRTUP5X8-PD-30,code128,Item,APC,Nil,Nil,Nil,,,,,,,,,,,,,,
APC START UP SERVICE 5X8 FOR SMART-UPS RT 20KVA,WSTRTUP5X8-SB-16,code128,Item,APC,Nil,Nil,Nil,,,,,,,,,,,,,,
Start-Up Service 5X8,WSTRTUP5X8-SY-15,code128,Item,APC,Nil,Nil,Nil,,,,,,,,,,,,,,
APCStart-Up Service 5x8,WSTRTUP5X8-VT-10,code128,Item,APC,Nil,Nil,Nil,,,,,,,,,,,,,,
Start-Up Service 7X24 for NetworkAIR CW 28-87 kW,WSTRTUP7X24-AX-22,code128,Item,APC,Nil,Nil,Nil,,,,,,,,,,,,,,
APC Start-Up Service 5X8 for (1) External Battery Frame for,WSTRTUP-PX-63,code128,Item,APC,Nil,Nil,Nil,,,,,,,,,,,,,,
"APC Start-Up Service 5X8 for (1) Symmetra 144/160 kW UPS, f	APC Start-Up Servic",WSTRTUP-PX-66,code128,Product,Item,Nil,Nil,Nil,,,,,,,,,,,,,,
5 X 8 Power Up for 1P Stmmetra,WSTRTUP-SY-00,code128,Item,APC,Nil,Nil,Nil,,,,,,,,,,,,,,
APC Start-Up Service 7x24,WSTRUP7X24-VT-10,code128,Item,APC,Nil,Nil,Nil,,,,,,,,,,,,,,
Start-Up Service 7X24 for NetworkAIR CW 28-87 kW,WSTRUTUP7X24-AX-22,code128,Item,APC,Nil,Nil,Nil,,,,,,,,,,,,,,
NANNA POWER MODULE 20KVA 400V PARALLEL OPERATION - SPARE PAR,WSUVTPM20KH-P,code128,Item,APC,Nil,Nil,Nil,,,,,,,,,,,,,,
System Power Supply Unit for PX2 - Spare Part,WSY2CSPS,code128,Item,APC,Nil,Nil,Nil,,,,,,,,,,,,,,
SYMMETRA PX BATTERY MONITORING CARD-SPARE PART,WSYCBTMON,code128,Item,APC,Nil,Nil,Nil,,,,,,,,,,,,,,
APC SYMMETRA 3 PHASE SW GEAR MONITOR CARD,WSYCSGMON,code128,Item,APC,Nil,Nil,Nil,,,,,,,,,,,,,,
Symmetra PX XR Communication Card,WSYCXRCOM,code128,Item,APC,Nil,Nil,Nil,,,,,,,,,,,,,,
Scheduling Upgrade to 7X24 for (1) Existing Cooling Assembly Service,WUPGASSEM7-AX-00,code128,Item,APC,Nil,Nil,Nil,,,,,,,,,,,,,,
Scheduling Upgrade to 7X24 for Existing Assembly Service for up to 40 kVA UPS or Battery Frame,WUPGASSEM7-UG-01,code128,Item,APC,Nil,Nil,Nil,,,,,,,,,,,,,,
Scheduling Upgrade to 7X24 for Existing Startup Service for up to 40 kVA UPS or Battery Frame,WUPGSTRTUP7-UG-01,code128,Item,APC,Nil,Nil,Nil,,,,,,,,,,,,,,
